{
    "val_loss": [
        1.7033398215292423,
        1.6892616684915096,
        1.6757606979290278,
        1.6619495795416916,
        1.6503026140411634,
        1.6362014719270332,
        1.628326947680537,
        1.6207886021498699,
        1.6162948941868018,
        1.6200182942969268,
        1.6066645069229415,
        1.6151169736875814,
        1.6102675322429936,
        1.5972954373143047,
        1.6071639455904334,
        1.5958705088385152,
        1.6226433487556735,
        1.6067498337559216,
        1.5993720510287088,
        1.579960194030789,
        1.6270149852500515,
        1.618134576426044,
        1.6220338645183414,
        1.582213165809939,
        1.57174603150413,
        1.5703322765107908,
        1.61172605510145,
        1.5682154303001103,
        1.5736956715036132,
        1.5930482179550203,
        1.5734986047954083,
        1.6121968822615558,
        1.595750409343402,
        1.5600838498110186,
        1.5585694541244741,
        1.5721338423859896,
        1.5583347013983695,
        1.5624957005548015,
        1.644894587561572,
        1.57060563375659,
        1.5618358644798984,
        1.5620033566960272,
        1.5658388273517596,
        1.5504455703932025,
        1.550888601464237,
        1.5559032660713605,
        1.5500498696697678,
        1.5444007879498662,
        1.5454019869755213,
        1.6098099231354859
    ],
    "val_pearson_r": [
        0.2436680872261433,
        0.24721980812964603,
        0.2548278482548128,
        0.2603805648726794,
        0.26929594365658355,
        0.2758394024844009,
        0.27663092119709576,
        0.2894254877531997,
        0.29711330326434726,
        0.3014618227407602,
        0.3070379226350127,
        0.3116471851705714,
        0.31565596112309213,
        0.31752256330268125,
        0.3187685066062982,
        0.3182020505938742,
        0.3186310761555413,
        0.3288889259571564,
        0.3280733041522331,
        0.3312876673606417,
        0.32250003759321844,
        0.3280823527245329,
        0.32573510159516345,
        0.34002675405870353,
        0.3325871173187809,
        0.3374424375338844,
        0.33434141471776624,
        0.34179676096314004,
        0.3474886967187758,
        0.3423197012035259,
        0.34974027303726835,
        0.33762816235141646,
        0.343431224045308,
        0.35048614864510014,
        0.34696240906450077,
        0.35471709045967076,
        0.3583576389269417,
        0.35879364866818503,
        0.3259244389288154,
        0.35684844217110556,
        0.35277682107708297,
        0.36075772002012285,
        0.3405335480428095,
        0.3565340863922045,
        0.3559751748247619,
        0.36554057294461967,
        0.3594671689532982,
        0.36054076188191153,
        0.36321527371301887,
        0.3424418507302641
    ],
    "loss": [
        1.7161755157349465,
        1.6563530990665474,
        1.6383913710593323,
        1.6232541246721546,
        1.6063972476773105,
        1.5891734154606463,
        1.5701940705334383,
        1.5478464827114915,
        1.5286338612130421,
        1.5151788059258524,
        1.503006226480701,
        1.4973753189122774,
        1.4937141718561349,
        1.4886094048926097,
        1.4812316752590018,
        1.4773645076563877,
        1.475597237943002,
        1.4736434081460923,
        1.4673402484443,
        1.4650668221706775,
        1.4584891059725222,
        1.4603257962605094,
        1.4565774540657856,
        1.4516687172272424,
        1.4481652530048612,
        1.4513900530797195,
        1.4443814776897856,
        1.443643349350406,
        1.4409452152764466,
        1.441317430648189,
        1.4405271624921152,
        1.433106786775717,
        1.4377719831978943,
        1.4302177781384229,
        1.4281467124619651,
        1.4287494869240716,
        1.4306684143327664,
        1.429654446049471,
        1.4248453900551519,
        1.4249218767417149,
        1.421072306756794,
        1.4233007898475831,
        1.4178630145618503,
        1.419305033628281,
        1.4191071178193806,
        1.4185269136138547,
        1.4143592745679345,
        1.4120721827688874,
        1.4157205701621387,
        1.4134211463381803
    ],
    "pearson_r": [
        0.24899601309344294,
        0.32133639061568353,
        0.3343483807524081,
        0.34582649423484835,
        0.3619802723319379,
        0.3761056677881051,
        0.3931640983428289,
        0.41083721825878006,
        0.42372980825903167,
        0.4333256486012878,
        0.44239402337595085,
        0.4460935770344713,
        0.4486708912127981,
        0.451813904003256,
        0.45621333193224034,
        0.4581701947090982,
        0.45794929039723764,
        0.4593403466386035,
        0.46471456400283023,
        0.4640437469700136,
        0.4677763033788334,
        0.4667761779140978,
        0.4689018805323697,
        0.4718670485909751,
        0.47475036474456717,
        0.4712275297863737,
        0.4751832916358804,
        0.47741556391720275,
        0.47776563106740066,
        0.47753981721646677,
        0.47791092195143736,
        0.48120908656606953,
        0.4800388000592016,
        0.4839929342803511,
        0.48392128509501847,
        0.48321960443562445,
        0.482763650647849,
        0.48380237369528817,
        0.4861593597577743,
        0.4866686671465342,
        0.48870492064216464,
        0.4846299104959493,
        0.49092496626059073,
        0.4885550507393498,
        0.4897630228565117,
        0.48960567966783913,
        0.49165562382209693,
        0.49325187828461825,
        0.4910475835270826,
        0.4915733877952972
    ]
}